<?xml version="1.0" encoding="UTF-8"?>
<beans
    xmlns = "http://www.springframework.org/schema/beans"
    xmlns:xsi="http://www.w3.org/2001/XMLSchema-instance"
    xmlns:context = "http://www.springframework.org/schema/context"
    xmlns:aop = "http://www.springframework.org/schema/aop"
    xsi:schemaLocation="
         http://www.springframework.org/schema/beans
         http://www.springframework.org/schema/beans/spring-beans-3.0.xsd
         http://www.springframework.org/schema/context
         http://www.springframework.org/schema/context/spring-context-3.0.xsd
         http://www.springframework.org/schema/aop
         http://www.springframework.org/schema/aop/spring-aop-3.0.xsd">

	<context:annotation-config/>
	
	<!-- bean -->
	<bean id='brdDao' class='bean.BoardMybatisDao'/>
	
	<!-- controller -->
	<bean id='brd_controller' class='controller.BoardController'>
		<constructor-arg ref='brdDao'/>
	</bean>
	
	<!-- view resolver -->
	<bean class='org.springframework.web.servlet.view.InternalResourceViewResolver'>
		<property name='prefix' value='./board/' />
		<property name='suffix' value='.jsp' />
	</bean>
</beans>	











