<?xml version="1.0" encoding="UTF-8"?>
<beans
    xmlns = "http://www.springframework.org/schema/beans"
    xmlns:xsi="http://www.w3.org/2001/XMLSchema-instance"
    xmlns:context = "http://www.springframework.org/schema/context"
    xmlns:aop = "http://www.springframework.org/schema/aop"
    
    xsi:schemaLocation="
         http://www.springframework.org/schema/beans
         http://www.springframework.org/schema/beans/spring-beans-3.0.xsd
         
         http://www.springframework.org/schema/context
         http://www.springframework.org/schema/context/spring-context-3.0.xsd
         
         http://www.springframework.org/schema/aop
         http://www.springframework.org/schema/aop/spring-aop-3.0.xsd
         
         " >

	<context:annotation-config/>

	<bean id='board'   class='aop_aspectj.BoardDao'/>
	<bean id='member'  class='aop_aspectj.MemberDao'/>
	<bean id='advisor' class='aop_aspectj.Advisor'/>

	<!-- aspectj -->
	<aop:config>
		<aop:aspect id='before' ref='advisor'>
			<aop:pointcut expression='execution(* aop_aspectj.Dao.*(..) )'
			      id='beforePointCut'/>
			<aop:before method='beforeMethod'
			       pointcut-ref='beforePointCut'/>			      
		</aop:aspect>
	</aop:config>		

</beans>










