<?xml version="1.0" encoding="UTF-8"?>
<beans
    xmlns = "http://www.springframework.org/schema/beans"
    xmlns:xsi="http://www.w3.org/2001/XMLSchema-instance"
    xmlns:context = "http://www.springframework.org/schema/context"
    xmlns:aop = "http://www.springframework.org/schema/aop"
    
    xsi:schemaLocation="
         http://www.springframework.org/schema/beans
         http://www.springframework.org/schema/beans/spring-beans-3.0.xsd
         
         http://www.springframework.org/schema/context
         http://www.springframework.org/schema/context/spring-context-3.0.xsd
         
         http://www.springframework.org/schema/aop
         http://www.springframework.org/schema/aop/spring-aop-3.0.xsd
         
         " >

	<context:annotation-config/>

	<bean id='board' class='aop_step3.BoardDao'/>
	<bean id='member' class='aop_step3.MemberDao'/>
	<bean id='advisor' class='aop_step3.Advisor'/>
	
	<!-- spring AOP -->
	<bean id='proxy'
	      class='org.springframework.aop.framework.ProxyFactoryBean'>
		<property name='target' ref='member'/>
		<property name='interceptorNames'>
			<list>
				<value>springAdvisor</value>
			</list>
		</property>
	</bean>
	
	<bean id='springAdvisor'
	     class='org.springframework.aop.support.DefaultPointcutAdvisor'>
	     <property name='advice' ref='advisor'/>
	     <property name='pointcut'>
		     <bean class='org.springframework.aop.support.JdkRegexpMethodPointcut'>
			     <property name='patterns'>
			     	<list>
			     		<value>.*select.*</value>
			     		<value>.*modify.*</value>
			     		<value>.*view.*</value>
			     		<value>.*delete.*</value>
			     		<value>.*insert.*</value>
			     	</list>
			     </property>
			</bean>
		</property>			     
	</bean>
</beans>





